Condition;hepes;k-glut;mg-acet;gsh;spermidine;fthf;cp;aa1;aa2;aa3;atp-gtp;ctp-utp;tRNA;aaRS-mtf;IFs;EFs;RFs;t7pol;ndk-mk-ck-ppiase;factors;ribosomes;DNA;yield
2;2;6;2;5;0.1;2;2;10;8;2;3;1;1.75;0.4;0.4;4;0.05;0.2;0.05;0.05;6.7;0.1;7.997014209
3;1;6;1;2.5;0.2;2;2;20;8;2;3;1;1.75;0.1;0.1;2;0.1;0.2;0.05;0.1;3.33;0.1;6.067742065
4;2;3;1;1.25;0.1;2;2;20;8;1;3;1;3.5;0.4;0.2;4;0.05;0.2;0.2;0.1;3.33;0.1;8.023740119
5;1;6;2;5;0.2;1;2;20;8;1;3;4;3.5;0.1;0.1;1.5;0.2;0.1;0.05;0.1;6.7;0.1;1.425012005
8;1;6;1;5;0.2;2;2;10;8;4;3;4;3.5;0.1;0.1;4;0.05;0.2;0.05;0.1;6.7;0.1;3.730732412
10;1;3;2;2.5;0.2;2;2;20;8;1;3;2;1.75;0.4;0.4;2;0.05;0.05;0.05;0.05;6.7;0.1;3.40161202
11;2;6;1;2.5;0.4;1;2;20;8;1;3;1;1.75;0.4;0.2;1.5;0.1;0.2;0.05;0.05;6.7;0.1;3.594703452
12;2;6;2;5;0.2;1;2;5;8;1;3;4;1.75;0.2;0.4;1.5;0.05;0.2;0.1;0.05;6.7;0.1;9.388466842
13;1;3;1;5;0.1;0.5;2;20;8;4;3;2;1.75;0.1;0.1;2;0.2;0.2;0.2;0.05;3.33;0.1;3.772712022
17;0.5;3;1;5;0.2;1;2;20;8;1;6;1;1.75;0.4;0.1;2;0.1;0.2;0.2;0.05;3.33;0.1;2.186407262
18;1;6;4;2.5;0.1;0.5;2;20;8;1;3;2;3.5;0.4;0.1;1.5;0.05;0.1;0.05;0.2;6.7;0.1;0.025377687
19;1;6;4;1.25;0.2;1;2;5;8;2;3;4;3.5;0.4;0.1;2;0.05;0.2;0.1;0.1;6.7;0.1;0.025242249
20;2;6;2;2.5;0.2;1;2;5;8;2;3;2;1.75;0.4;0.2;4;0.05;0.1;0.1;0.05;3.33;0.1;3.548639156
21;0.5;6;1;1.25;0.2;2;2;20;8;1;3;1;1.75;0.4;0.1;2;0.05;0.1;0.1;0.1;13.32;0.1;1.029727093
22;2;6;1;1.25;0.1;1;2;20;8;1;3;1;7;0.4;0.1;1.5;0.05;0.1;0.05;0.1;6.7;0.1;0.350288729
23;1;6;1;2.5;0.4;1;2;20;8;4;3;1;1.75;0.1;0.1;1.5;0.05;0.2;0.1;0.1;3.33;0.1;4.731715876
24;1;6;2;1.25;0.1;0.5;2;10;8;4;3;4;7;0.4;0.4;1.5;0.05;0.2;0.2;0.05;3.33;0.1;0.792892278
27;2;6;1;2.5;0.2;1;2;5;8;4;3;2;1.75;0.4;0.1;2;0.2;0.2;0.05;0.05;3.33;0.1;3.511347546
28;1;6;1;1.25;0.2;1;2;10;4;4;3;2;1.75;0.4;0.1;2;0.2;0.2;0.2;0.1;6.7;0.1;3.154739405
29;1;3;1;5;0.4;1;2;20;8;1;3;1;1.75;0.4;0.2;1.5;0.05;0.2;0.05;0.2;3.33;0.1;11.60149382
30;0.5;6;2;5;0.2;0.5;2;10;8;2;6;1;1.75;0.4;0.4;1.5;0.05;0.2;0.05;0.2;6.7;0.1;8.093167463
REF;1;6;2;2.5;0.2;1;4;10;4;2;6;2;3.5;0.2;0.2;2;0.1;0.1;0.1;0.1;6.66;0.1;1
31;1;6;2;2.5;0.1;2;2;10;8;1;6;4;1.75;0.4;0.1;2;0.05;0.2;0.1;0.05;3.33;0.1;5.162053055
32;2;6;2;2.5;0.2;0.5;2;20;8;1;3;4;1.75;0.1;0.2;2;0.1;0.2;0.05;0.05;3.33;0.1;12.17943836
