Condition,hepes,k-glut,mg-acet,gsh,spermidine,fthf,cp,aa1,aa2,aa3,atp-gtp,ctp-utp,tRNA,aaRS-mtf,IFs,EFs,RFs,t7pol,ndk-mk-ck-ppiase,factors,ribosomes,DNA,yield
1,2,3,2,5,0.1,0.5,6,5,8,1,3,1,7,0.2,0.4,1,0.05,0.05,0.2,0.2,6.7,0.1,3.364982691
3,2,6,1,2.5,0.1,2,4,10,8,1,3,2,3.5,0.1,0.4,1,0.05,0.1,0.05,0.2,13.32,0.1,1.996556204
4,2,6,1,5,0.1,2,2,20,4,1,3,2,7,0.1,0.4,2,0.05,0.05,0.05,0.2,3.33,0.1,0.327563829
5,0.5,3,2,1.25,0.2,0.5,6,5,8,2,3,1,3.5,0.2,0.4,1,0.05,0.1,0.05,0.2,6.7,0.1,2.76575576
6,2,3,1,1.25,0.1,1,4,5,8,2,3,1,7,0.1,0.4,1,0.05,0.2,0.2,0.2,6.7,0.1,1.390540323
7,2,3,1,1.25,0.1,1,2,5,8,4,3,4,7,0.2,0.4,2,0.05,0.05,0.05,0.2,6.7,0.1,0.837051186
8,0.5,3,1,5,0.2,1,6,10,8,4,3,1,7,0.1,0.4,1,0.05,0.1,0.1,0.1,6.7,0.1,0.264810489
9,2,3,1,2.5,0.1,1,4,10,8,4,3,1,3.5,0.2,0.4,2,0.05,0.1,0.05,0.2,13.32,0.1,3.295114384
10,2,3,1,1.25,0.2,1,6,10,8,1,3,2,3.5,0.1,0.4,2,0.2,0.1,0.2,0.2,6.7,0.1,0.307046973
11,0.5,3,2,5,0.2,1,4,5,8,1,6,1,1.75,0.2,0.4,1,0.1,0.05,0.1,0.2,6.7,0.1,1.820370732
12,2,3,1,2.5,0.1,0.5,6,5,4,4,3,1,7,0.2,0.4,1,0.05,0.05,0.05,0.1,13.32,0.1,2.182776595
13,2,3,1,2.5,0.1,1,6,5,8,2,3,1,3.5,0.1,0.4,2,0.2,0.2,0.1,0.1,13.32,0.1,1.839940648
REF,1,6,2,2.5,0.2,1,4,10,4,2,6,2,3.5,0.2,0.2,2,0.1,0.1,0.1,0.1,6.7,0.1,1
