Column1,hepes,k-glut,mg-acet,gsh,spermidine,fthf,cp,aa1,aa2,aa3,atp-gtp,ctp-utp,tRNA,aaRS-mtf,IFs,EFs,RFs,t7pol,ndk-mk-ck-ppiase,factors,ribosomes,DNA,yield
1,2,6,2,2.5,0.1,1,2,10,8,2,3,2,1.75,0.4,0.4,4,0.05,0.2,0.05,0.1,3.33,0.1,2.21588943858894
4,0.5,3,1,1.25,0.1,2,2,20,8,2,3,2,3.5,0.1,0.4,2,0.2,0.2,0.1,0.05,3.33,0.1,1.88842923209292
6,0.5,3,1,5,0.2,2,2,20,4,2,3,4,1.75,0.1,0.2,2,0.2,0.2,0.05,0.2,3.33,0.1,1.01661862766186
7,1,6,2,1.25,0.1,1,2,20,8,1,3,4,1.75,0.2,0.4,2,0.2,0.1,0.05,0.1,6.7,0.1,1.98543020004302
8,0.5,3,4,5,0.1,2,2,10,4,2,6,4,1.75,0.1,0.2,2,0.2,0.2,0.2,0.2,3.33,0.1,0.553748655624866
9,0.5,6,2,5,0.1,1,2,10,8,2,3,1,1.75,0.1,0.2,2,0.05,0.2,0.2,0.2,6.7,0.1,1.7560469993547
10,2,3,2,2.5,0.1,1,2,10,2,1,3,2,1.75,0.2,0.4,2,0.05,0.2,0.05,0.2,13.32,0.1,0.50367229511723
11,2,6,1,5,0.1,1,2,10,8,1,3,1,1.75,0.4,0.4,2,0.05,0.2,0.1,0.1,13.32,0.1,1.30867605936761
13,0.5,6,1,1.25,0.2,1,2,20,2,1,12,4,1.75,0.1,0.4,4,0.1,0.2,0.05,0.1,3.33,0.1,0.00104699935469994
16,0.5,6,1,2.5,0.2,1,2,10,4,2,3,4,1.75,0.1,0.1,2,0.2,0.2,0.05,0.1,6.7,0.1,1.82656592815659
17,1,3,4,2.5,0.1,2,2,10,2,1,6,2,1.75,0.1,0.4,2,0.05,0.2,0.1,0.2,6.7,0.1,0.105376962787696
18,1,3,1,2.5,0.1,1,2,20,4,2,3,4,3.5,0.1,0.2,4,0.2,0.2,0.05,0.05,6.7,0.1,1.31753011400301
19,1,6,2,2.5,0.1,2,2,10,8,1,6,4,1.75,0.4,0.1,2,0.05,0.2,0.1,0.05,3.33,0.1,2.36814583781458
20,0.5,6,4,5,0.1,2,2,10,8,2,12,2,1.75,0.1,0.1,2,0.05,0.2,0.1,0.1,3.33,0.1,1.523540008604
21,0.5,6,2,5,0.2,1,2,10,8,1,3,4,3.5,0.1,0.2,4,0.2,0.2,0.05,0.2,6.7,0.1,1.91181759518176
23,0.5,6,2,1.25,0.1,2,2,10,8,2,6,2,3.5,0.2,0.1,4,0.05,0.2,0.05,0.1,6.7,0.1,1.05199290169929
25,0.5,6,2,1.25,0.1,1,2,10,4,2,3,4,1.75,0.1,0.4,2,0.05,0.1,0.1,0.2,13.32,0.1,0.483171112067111
REF,1,6,2,2.5,0.2,1,4,10,4,2,6,2,3.5,0.2,0.2,2,0.1,0.1,0.1,0.1,6.7,0.1,1
